<?xml version="1.0" encoding="UTF-8"?><module codename="org.netbeans.api.htmlui">
    <module_version install_time="1456490847914" last="true" origin="installer" specification_version="1.4.1">
        <file crc="3240801667" name="config/Modules/org-netbeans-api-htmlui.xml"/>
        <file crc="3349064730" name="modules/locale/org-netbeans-api-htmlui_ja.jar"/>
        <file crc="1031467032" name="modules/locale/org-netbeans-api-htmlui_pt_BR.jar"/>
        <file crc="878502313" name="modules/locale/org-netbeans-api-htmlui_ru.jar"/>
        <file crc="2541345401" name="modules/locale/org-netbeans-api-htmlui_zh_CN.jar"/>
        <file crc="1695497949" name="modules/org-netbeans-api-htmlui.jar"/>
    </module_version>
</module>
