<?xml version="1.0" encoding="UTF-8"?><module codename="org.netbeans.modules.masterfs.macosx">
    <module_version install_time="1456490850567" last="true" origin="installer" specification_version="1.12.1">
        <file crc="4284776310" name="config/Modules/org-netbeans-modules-masterfs-macosx.xml"/>
        <file crc="719861824" name="modules/locale/org-netbeans-modules-masterfs-macosx_ja.jar"/>
        <file crc="1869975560" name="modules/locale/org-netbeans-modules-masterfs-macosx_pt_BR.jar"/>
        <file crc="1535497934" name="modules/locale/org-netbeans-modules-masterfs-macosx_ru.jar"/>
        <file crc="3849471028" name="modules/locale/org-netbeans-modules-masterfs-macosx_zh_CN.jar"/>
        <file crc="2564078212" name="modules/org-netbeans-modules-masterfs-macosx.jar"/>
    </module_version>
</module>
