<?xml version="1.0" encoding="UTF-8"?><module codename="org.netbeans.core.nativeaccess/1">
    <module_version install_time="1456490848504" last="true" origin="installer" specification_version="1.30.1">
        <file crc="1370516056" name="config/Modules/org-netbeans-core-nativeaccess.xml"/>
        <file crc="1894646077" name="modules/locale/org-netbeans-core-nativeaccess_ja.jar"/>
        <file crc="676485609" name="modules/locale/org-netbeans-core-nativeaccess_pt_BR.jar"/>
        <file crc="4056245726" name="modules/locale/org-netbeans-core-nativeaccess_ru.jar"/>
        <file crc="996224720" name="modules/locale/org-netbeans-core-nativeaccess_zh_CN.jar"/>
        <file crc="3152901830" name="modules/org-netbeans-core-nativeaccess.jar"/>
    </module_version>
</module>
