<?xml version="1.0" encoding="UTF-8"?><module codename="org.netbeans.libs.javafx">
    <module_version install_time="1456490849078" last="true" origin="installer" specification_version="2.6.1">
        <file crc="3843417750" name="config/Modules/org-netbeans-libs-javafx.xml"/>
        <file crc="849467839" name="modules/locale/org-netbeans-libs-javafx_ja.jar"/>
        <file crc="4251946069" name="modules/locale/org-netbeans-libs-javafx_pt_BR.jar"/>
        <file crc="3768903556" name="modules/locale/org-netbeans-libs-javafx_ru.jar"/>
        <file crc="3649331280" name="modules/locale/org-netbeans-libs-javafx_zh_CN.jar"/>
        <file crc="2283411886" name="modules/org-netbeans-libs-javafx.jar"/>
    </module_version>
</module>
