<?xml version="1.0" encoding="UTF-8"?><module codename="org.netbeans.modules.masterfs.ui">
    <module_version install_time="1456317094241" last="true" origin="installer" specification_version="2.2.1.2">
        <file crc="2385583820" name="config/Modules/org-netbeans-modules-masterfs-ui.xml"/>
        <file crc="1225090879" name="modules/locale/org-netbeans-modules-masterfs-ui_ja.jar"/>
        <file crc="2232403355" name="modules/locale/org-netbeans-modules-masterfs-ui_pt_BR.jar"/>
        <file crc="3518528379" name="modules/locale/org-netbeans-modules-masterfs-ui_ru.jar"/>
        <file crc="2534807449" name="modules/locale/org-netbeans-modules-masterfs-ui_zh_CN.jar"/>
        <file crc="792047101" name="modules/org-netbeans-modules-masterfs-ui.jar"/>
    </module_version>
</module>
