<?xml version="1.0" encoding="UTF-8"?><module codename="org.netbeans.core.io.ui/1">
    <module_version install_time="1456317091847" last="true" origin="installer" specification_version="1.29.1">
        <file crc="937424920" name="config/Modules/org-netbeans-core-io-ui.xml"/>
        <file crc="1853518151" name="modules/locale/org-netbeans-core-io-ui_ja.jar"/>
        <file crc="2916747468" name="modules/locale/org-netbeans-core-io-ui_pt_BR.jar"/>
        <file crc="1351971246" name="modules/locale/org-netbeans-core-io-ui_ru.jar"/>
        <file crc="720177106" name="modules/locale/org-netbeans-core-io-ui_zh_CN.jar"/>
        <file crc="1132688588" name="modules/org-netbeans-core-io-ui.jar"/>
    </module_version>
</module>
