<?xml version="1.0" encoding="UTF-8"?><module codename="org.netbeans.modules.applemenu/1">
    <module_version install_time="1456317093464" last="true" origin="installer" specification_version="1.36.1">
        <file crc="2121659589" name="config/Modules/org-netbeans-modules-applemenu.xml"/>
        <file crc="3355276129" name="modules/locale/org-netbeans-modules-applemenu_ja.jar"/>
        <file crc="34896262" name="modules/locale/org-netbeans-modules-applemenu_pt_BR.jar"/>
        <file crc="636792797" name="modules/locale/org-netbeans-modules-applemenu_ru.jar"/>
        <file crc="2732897275" name="modules/locale/org-netbeans-modules-applemenu_zh_CN.jar"/>
        <file crc="1761281121" name="modules/org-netbeans-modules-applemenu.jar"/>
    </module_version>
</module>
