<?xml version="1.0" encoding="UTF-8"?><module codename="org.openide.compat">
    <module_version install_time="1456317095157" last="true" origin="installer" specification_version="6.37.1">
        <file crc="1028000658" name="config/Modules/org-openide-compat.xml"/>
        <file crc="4253114011" name="modules/locale/org-openide-compat_ja.jar"/>
        <file crc="2910304546" name="modules/locale/org-openide-compat_pt_BR.jar"/>
        <file crc="1135528877" name="modules/locale/org-openide-compat_ru.jar"/>
        <file crc="3260738993" name="modules/locale/org-openide-compat_zh_CN.jar"/>
        <file crc="1742447012" name="modules/org-openide-compat.jar"/>
    </module_version>
</module>
