<?xml version="1.0" encoding="UTF-8"?><module codename="org.netbeans.core.ui/1">
    <module_version install_time="1456317092237" last="true" origin="installer" specification_version="1.44.1">
        <file crc="3186674130" name="config/Modules/org-netbeans-core-ui.xml"/>
        <file crc="2437653065" name="modules/locale/org-netbeans-core-ui_ja.jar"/>
        <file crc="3485837616" name="modules/locale/org-netbeans-core-ui_pt_BR.jar"/>
        <file crc="3694238502" name="modules/locale/org-netbeans-core-ui_ru.jar"/>
        <file crc="2060726944" name="modules/locale/org-netbeans-core-ui_zh_CN.jar"/>
        <file crc="3783783873" name="modules/org-netbeans-core-ui.jar"/>
    </module_version>
</module>
