<?xml version="1.0" encoding="UTF-8"?><module codename="org.netbeans.core.execution/1">
    <module_version install_time="1456317091814" last="true" origin="installer" specification_version="1.40.1">
        <file crc="131205059" name="config/Modules/org-netbeans-core-execution.xml"/>
        <file crc="2490096022" name="modules/locale/org-netbeans-core-execution_ja.jar"/>
        <file crc="569577583" name="modules/locale/org-netbeans-core-execution_pt_BR.jar"/>
        <file crc="966421659" name="modules/locale/org-netbeans-core-execution_ru.jar"/>
        <file crc="1512872860" name="modules/locale/org-netbeans-core-execution_zh_CN.jar"/>
        <file crc="3093224751" name="modules/org-netbeans-core-execution.jar"/>
    </module_version>
</module>
