<?xml version="1.0" encoding="UTF-8"?><module codename="org.netbeans.core.windows/2">
    <module_version install_time="1456317092363" last="true" origin="installer" specification_version="2.80.1">
        <file crc="1059846727" name="config/Modules/org-netbeans-core-windows.xml"/>
        <file crc="1679734328" name="modules/locale/org-netbeans-core-windows_ja.jar"/>
        <file crc="3871395964" name="modules/locale/org-netbeans-core-windows_pt_BR.jar"/>
        <file crc="3758522923" name="modules/locale/org-netbeans-core-windows_ru.jar"/>
        <file crc="1003569021" name="modules/locale/org-netbeans-core-windows_zh_CN.jar"/>
        <file crc="996762970" name="modules/org-netbeans-core-windows.jar"/>
    </module_version>
</module>
