<?xml version="1.0" encoding="UTF-8"?><module codename="org.netbeans.modules.keyring.fallback">
    <module_version install_time="1456317094099" last="true" origin="installer" specification_version="1.7.1">
        <file crc="1307470414" name="config/Modules/org-netbeans-modules-keyring-fallback.xml"/>
        <file crc="2476109325" name="modules/locale/org-netbeans-modules-keyring-fallback_ja.jar"/>
        <file crc="4024495962" name="modules/locale/org-netbeans-modules-keyring-fallback_pt_BR.jar"/>
        <file crc="2261991619" name="modules/locale/org-netbeans-modules-keyring-fallback_ru.jar"/>
        <file crc="168352773" name="modules/locale/org-netbeans-modules-keyring-fallback_zh_CN.jar"/>
        <file crc="4158719716" name="modules/org-netbeans-modules-keyring-fallback.jar"/>
    </module_version>
</module>
